address,city,permits,agent_strategy,timestamp
1470 CREEKSIDE DR,WALNUT CREEK,10,"- Analysis: High permit momentum and capital investment detected.
- Strategy: Proactive pre-listing equity advisory and direct mail drop.
- Next Action: Generate Avery mailing label and schedule door-drop.",2026-07-19T23:48:52.641409
120 SUMMIT RD,WALNUT CREEK,9,"- Analysis: High permit momentum and capital investment detected.
- Strategy: Proactive pre-listing equity advisory and direct mail drop.
- Next Action: Generate Avery mailing label and schedule door-drop.",2026-07-19T23:48:53.649873
1948 3RD AVE,WALNUT CREEK,9,"- Analysis: High permit momentum and capital investment detected.
- Strategy: Proactive pre-listing equity advisory and direct mail drop.
- Next Action: Generate Avery mailing label and schedule door-drop.",2026-07-19T23:48:54.658832
